category,#,name,keywords,results to check,status,wp-post-slug
company,1,Apple,"Apple history, Apple company profile, Apple market capitalization, Apple annual report, Apple financial statistics, Apple revenue breakdown, Apple growth trends, Apple product sales, Apple service sales, Apple market share, Apple unit sales, Apple upcoming products/services, Apple operation locations, Apple production capacity, Apple service delivery statistics, Apple user/customer demographics, Apple active users/customers, Apple customer behavior, Apple number of employees, Apple employee breakdown, Apple diversity report, Apple environmental impact, Apple carbon footprint, Apple renewable energy usage, Apple sustainability report, Apple stock price, Apple dividend yield, Apple stock performance, Apple comparison with industry peers",8,,apple-statistics
company,2,Microsoft,"Microsoft history, Microsoft company profile, Microsoft market capitalization, Microsoft annual report, Microsoft financial statistics, Microsoft revenue breakdown, Microsoft growth trends, Microsoft product sales, Microsoft service sales, Microsoft market share, Microsoft unit sales, Microsoft upcoming products/services, Microsoft operation locations, Microsoft production capacity, Microsoft service delivery statistics, Microsoft user/customer demographics, Microsoft active users/customers, Microsoft customer behavior, Microsoft number of employees, Microsoft employee breakdown, Microsoft diversity report, Microsoft environmental impact, Microsoft carbon footprint, Microsoft renewable energy usage, Microsoft sustainability report, Microsoft stock price, Microsoft dividend yield, Microsoft stock performance, Microsoft comparison with industry peers",8,,microsoft-statistics
company,3,Saudi Aramco,"Saudi Aramco history, Saudi Aramco company profile, Saudi Aramco market capitalization, Saudi Aramco annual report, Saudi Aramco financial statistics, Saudi Aramco revenue breakdown, Saudi Aramco growth trends, Saudi Aramco product sales, Saudi Aramco service sales, Saudi Aramco market share, Saudi Aramco unit sales, Saudi Aramco upcoming products/services, Saudi Aramco operation locations, Saudi Aramco production capacity, Saudi Aramco service delivery statistics, Saudi Aramco user/customer demographics, Saudi Aramco active users/customers, Saudi Aramco customer behavior, Saudi Aramco number of employees, Saudi Aramco employee breakdown, Saudi Aramco diversity report, Saudi Aramco environmental impact, Saudi Aramco carbon footprint, Saudi Aramco renewable energy usage, Saudi Aramco sustainability report, Saudi Aramco stock price, Saudi Aramco dividend yield, Saudi Aramco stock performance, Saudi Aramco comparison with industry peers",8,,saudi-aramco-statistics
company,4,Alphabet (Google),"Alphabet (Google) history, Alphabet (Google) company profile, Alphabet (Google) market capitalization, Alphabet (Google) annual report, Alphabet (Google) financial statistics, Alphabet (Google) revenue breakdown, Alphabet (Google) growth trends, Alphabet (Google) product sales, Alphabet (Google) service sales, Alphabet (Google) market share, Alphabet (Google) unit sales, Alphabet (Google) upcoming products/services, Alphabet (Google) operation locations, Alphabet (Google) production capacity, Alphabet (Google) service delivery statistics, Alphabet (Google) user/customer demographics, Alphabet (Google) active users/customers, Alphabet (Google) customer behavior, Alphabet (Google) number of employees, Alphabet (Google) employee breakdown, Alphabet (Google) diversity report, Alphabet (Google) environmental impact, Alphabet (Google) carbon footprint, Alphabet (Google) renewable energy usage, Alphabet (Google) sustainability report, Alphabet (Google) stock price, Alphabet (Google) dividend yield, Alphabet (Google) stock performance, Alphabet (Google) comparison with industry peers",10,,alphabet-google-statistics
company,5,Amazon,"Amazon history, Amazon company profile, Amazon market capitalization, Amazon annual report, Amazon financial statistics, Amazon revenue breakdown, Amazon growth trends, Amazon product sales, Amazon service sales, Amazon market share, Amazon unit sales, Amazon upcoming products/services, Amazon operation locations, Amazon production capacity, Amazon service delivery statistics, Amazon user/customer demographics, Amazon active users/customers, Amazon customer behavior, Amazon number of employees, Amazon employee breakdown, Amazon diversity report, Amazon environmental impact, Amazon carbon footprint, Amazon renewable energy usage, Amazon sustainability report, Amazon stock price, Amazon dividend yield, Amazon stock performance, Amazon comparison with industry peers",30,,amazon-statistics
company,6,Berkshire Hathaway,"Berkshire Hathaway history, Berkshire Hathaway company profile, Berkshire Hathaway market capitalization, Berkshire Hathaway annual report, Berkshire Hathaway financial statistics, Berkshire Hathaway revenue breakdown, Berkshire Hathaway growth trends, Berkshire Hathaway product sales, Berkshire Hathaway service sales, Berkshire Hathaway market share, Berkshire Hathaway unit sales, Berkshire Hathaway upcoming products/services, Berkshire Hathaway operation locations, Berkshire Hathaway production capacity, Berkshire Hathaway service delivery statistics, Berkshire Hathaway user/customer demographics, Berkshire Hathaway active users/customers, Berkshire Hathaway customer behavior, Berkshire Hathaway number of employees, Berkshire Hathaway employee breakdown, Berkshire Hathaway diversity report, Berkshire Hathaway environmental impact, Berkshire Hathaway carbon footprint, Berkshire Hathaway renewable energy usage, Berkshire Hathaway sustainability report, Berkshire Hathaway stock price, Berkshire Hathaway dividend yield, Berkshire Hathaway stock performance, Berkshire Hathaway comparison with industry peers",30,,berkshire-hathaway-statistics
company,7,NVIDIA,"NVIDIA history, NVIDIA company profile, NVIDIA market capitalization, NVIDIA annual report, NVIDIA financial statistics, NVIDIA revenue breakdown, NVIDIA growth trends, NVIDIA product sales, NVIDIA service sales, NVIDIA market share, NVIDIA unit sales, NVIDIA upcoming products/services, NVIDIA operation locations, NVIDIA production capacity, NVIDIA service delivery statistics, NVIDIA user/customer demographics, NVIDIA active users/customers, NVIDIA customer behavior, NVIDIA number of employees, NVIDIA employee breakdown, NVIDIA diversity report, NVIDIA environmental impact, NVIDIA carbon footprint, NVIDIA renewable energy usage, NVIDIA sustainability report, NVIDIA stock price, NVIDIA dividend yield, NVIDIA stock performance, NVIDIA comparison with industry peers",30,,nvidia-statistics
company,8,Meta Platforms (Facebook),"Meta Platforms (Facebook) history, Meta Platforms (Facebook) company profile, Meta Platforms (Facebook) market capitalization, Meta Platforms (Facebook) annual report, Meta Platforms (Facebook) financial statistics, Meta Platforms (Facebook) revenue breakdown, Meta Platforms (Facebook) growth trends, Meta Platforms (Facebook) product sales, Meta Platforms (Facebook) service sales, Meta Platforms (Facebook) market share, Meta Platforms (Facebook) unit sales, Meta Platforms (Facebook) upcoming products/services, Meta Platforms (Facebook) operation locations, Meta Platforms (Facebook) production capacity, Meta Platforms (Facebook) service delivery statistics, Meta Platforms (Facebook) user/customer demographics, Meta Platforms (Facebook) active users/customers, Meta Platforms (Facebook) customer behavior, Meta Platforms (Facebook) number of employees, Meta Platforms (Facebook) employee breakdown, Meta Platforms (Facebook) diversity report, Meta Platforms (Facebook) environmental impact, Meta Platforms (Facebook) carbon footprint, Meta Platforms (Facebook) renewable energy usage, Meta Platforms (Facebook) sustainability report, Meta Platforms (Facebook) stock price, Meta Platforms (Facebook) dividend yield, Meta Platforms (Facebook) stock performance, Meta Platforms (Facebook) comparison with industry peers",30,,meta-platforms-facebook-statistics
company,9,Tesla,"Tesla history, Tesla company profile, Tesla market capitalization, Tesla annual report, Tesla financial statistics, Tesla revenue breakdown, Tesla growth trends, Tesla product sales, Tesla service sales, Tesla market share, Tesla unit sales, Tesla upcoming products/services, Tesla operation locations, Tesla production capacity, Tesla service delivery statistics, Tesla user/customer demographics, Tesla active users/customers, Tesla customer behavior, Tesla number of employees, Tesla employee breakdown, Tesla diversity report, Tesla environmental impact, Tesla carbon footprint, Tesla renewable energy usage, Tesla sustainability report, Tesla stock price, Tesla dividend yield, Tesla stock performance, Tesla comparison with industry peers",30,,tesla-statistics
company,10,LVMH,"LVMH history, LVMH company profile, LVMH market capitalization, LVMH annual report, LVMH financial statistics, LVMH revenue breakdown, LVMH growth trends, LVMH product sales, LVMH service sales, LVMH market share, LVMH unit sales, LVMH upcoming products/services, LVMH operation locations, LVMH production capacity, LVMH service delivery statistics, LVMH user/customer demographics, LVMH active users/customers, LVMH customer behavior, LVMH number of employees, LVMH employee breakdown, LVMH diversity report, LVMH environmental impact, LVMH carbon footprint, LVMH renewable energy usage, LVMH sustainability report, LVMH stock price, LVMH dividend yield, LVMH stock performance, LVMH comparison with industry peers",30,,lvmh-statistics
company,11,Visa,"Visa history, Visa company profile, Visa market capitalization, Visa annual report, Visa financial statistics, Visa revenue breakdown, Visa growth trends, Visa product sales, Visa service sales, Visa market share, Visa unit sales, Visa upcoming products/services, Visa operation locations, Visa production capacity, Visa service delivery statistics, Visa user/customer demographics, Visa active users/customers, Visa customer behavior, Visa number of employees, Visa employee breakdown, Visa diversity report, Visa environmental impact, Visa carbon footprint, Visa renewable energy usage, Visa sustainability report, Visa stock price, Visa dividend yield, Visa stock performance, Visa comparison with industry peers",30,,visa-statistics
company,12,UnitedHealth,"UnitedHealth history, UnitedHealth company profile, UnitedHealth market capitalization, UnitedHealth annual report, UnitedHealth financial statistics, UnitedHealth revenue breakdown, UnitedHealth growth trends, UnitedHealth product sales, UnitedHealth service sales, UnitedHealth market share, UnitedHealth unit sales, UnitedHealth upcoming products/services, UnitedHealth operation locations, UnitedHealth production capacity, UnitedHealth service delivery statistics, UnitedHealth user/customer demographics, UnitedHealth active users/customers, UnitedHealth customer behavior, UnitedHealth number of employees, UnitedHealth employee breakdown, UnitedHealth diversity report, UnitedHealth environmental impact, UnitedHealth carbon footprint, UnitedHealth renewable energy usage, UnitedHealth sustainability report, UnitedHealth stock price, UnitedHealth dividend yield, UnitedHealth stock performance, UnitedHealth comparison with industry peers",30,,unitedhealth-statistics
company,13,Exxon Mobil,"Exxon Mobil history, Exxon Mobil company profile, Exxon Mobil market capitalization, Exxon Mobil annual report, Exxon Mobil financial statistics, Exxon Mobil revenue breakdown, Exxon Mobil growth trends, Exxon Mobil product sales, Exxon Mobil service sales, Exxon Mobil market share, Exxon Mobil unit sales, Exxon Mobil upcoming products/services, Exxon Mobil operation locations, Exxon Mobil production capacity, Exxon Mobil service delivery statistics, Exxon Mobil user/customer demographics, Exxon Mobil active users/customers, Exxon Mobil customer behavior, Exxon Mobil number of employees, Exxon Mobil employee breakdown, Exxon Mobil diversity report, Exxon Mobil environmental impact, Exxon Mobil carbon footprint, Exxon Mobil renewable energy usage, Exxon Mobil sustainability report, Exxon Mobil stock price, Exxon Mobil dividend yield, Exxon Mobil stock performance, Exxon Mobil comparison with industry peers",30,,exxon-mobil-statistics
company,14,TSMC,"TSMC history, TSMC company profile, TSMC market capitalization, TSMC annual report, TSMC financial statistics, TSMC revenue breakdown, TSMC growth trends, TSMC product sales, TSMC service sales, TSMC market share, TSMC unit sales, TSMC upcoming products/services, TSMC operation locations, TSMC production capacity, TSMC service delivery statistics, TSMC user/customer demographics, TSMC active users/customers, TSMC customer behavior, TSMC number of employees, TSMC employee breakdown, TSMC diversity report, TSMC environmental impact, TSMC carbon footprint, TSMC renewable energy usage, TSMC sustainability report, TSMC stock price, TSMC dividend yield, TSMC stock performance, TSMC comparison with industry peers",30,,tsmc-statistics
company,15,Johnson & Johnson,"Johnson & Johnson history, Johnson & Johnson company profile, Johnson & Johnson market capitalization, Johnson & Johnson annual report, Johnson & Johnson financial statistics, Johnson & Johnson revenue breakdown, Johnson & Johnson growth trends, Johnson & Johnson product sales, Johnson & Johnson service sales, Johnson & Johnson market share, Johnson & Johnson unit sales, Johnson & Johnson upcoming products/services, Johnson & Johnson operation locations, Johnson & Johnson production capacity, Johnson & Johnson service delivery statistics, Johnson & Johnson user/customer demographics, Johnson & Johnson active users/customers, Johnson & Johnson customer behavior, Johnson & Johnson number of employees, Johnson & Johnson employee breakdown, Johnson & Johnson diversity report, Johnson & Johnson environmental impact, Johnson & Johnson carbon footprint, Johnson & Johnson renewable energy usage, Johnson & Johnson sustainability report, Johnson & Johnson stock price, Johnson & Johnson dividend yield, Johnson & Johnson stock performance, Johnson & Johnson comparison with industry peers",30,,johnson-and-johnson-statistics
company,16,Walmart,"Walmart history, Walmart company profile, Walmart market capitalization, Walmart annual report, Walmart financial statistics, Walmart revenue breakdown, Walmart growth trends, Walmart product sales, Walmart service sales, Walmart market share, Walmart unit sales, Walmart upcoming products/services, Walmart operation locations, Walmart production capacity, Walmart service delivery statistics, Walmart user/customer demographics, Walmart active users/customers, Walmart customer behavior, Walmart number of employees, Walmart employee breakdown, Walmart diversity report, Walmart environmental impact, Walmart carbon footprint, Walmart renewable energy usage, Walmart sustainability report, Walmart stock price, Walmart dividend yield, Walmart stock performance, Walmart comparison with industry peers",30,,walmart-statistics
company,17,Eli Lilly,"Eli Lilly history, Eli Lilly company profile, Eli Lilly market capitalization, Eli Lilly annual report, Eli Lilly financial statistics, Eli Lilly revenue breakdown, Eli Lilly growth trends, Eli Lilly product sales, Eli Lilly service sales, Eli Lilly market share, Eli Lilly unit sales, Eli Lilly upcoming products/services, Eli Lilly operation locations, Eli Lilly production capacity, Eli Lilly service delivery statistics, Eli Lilly user/customer demographics, Eli Lilly active users/customers, Eli Lilly customer behavior, Eli Lilly number of employees, Eli Lilly employee breakdown, Eli Lilly diversity report, Eli Lilly environmental impact, Eli Lilly carbon footprint, Eli Lilly renewable energy usage, Eli Lilly sustainability report, Eli Lilly stock price, Eli Lilly dividend yield, Eli Lilly stock performance, Eli Lilly comparison with industry peers",30,,eli-lilly-statistics
company,18,Tencent,"Tencent history, Tencent company profile, Tencent market capitalization, Tencent annual report, Tencent financial statistics, Tencent revenue breakdown, Tencent growth trends, Tencent product sales, Tencent service sales, Tencent market share, Tencent unit sales, Tencent upcoming products/services, Tencent operation locations, Tencent production capacity, Tencent service delivery statistics, Tencent user/customer demographics, Tencent active users/customers, Tencent customer behavior, Tencent number of employees, Tencent employee breakdown, Tencent diversity report, Tencent environmental impact, Tencent carbon footprint, Tencent renewable energy usage, Tencent sustainability report, Tencent stock price, Tencent dividend yield, Tencent stock performance, Tencent comparison with industry peers",30,,tencent-statistics
company,19,JPMorgan Chase,"JPMorgan Chase history, JPMorgan Chase company profile, JPMorgan Chase market capitalization, JPMorgan Chase annual report, JPMorgan Chase financial statistics, JPMorgan Chase revenue breakdown, JPMorgan Chase growth trends, JPMorgan Chase product sales, JPMorgan Chase service sales, JPMorgan Chase market share, JPMorgan Chase unit sales, JPMorgan Chase upcoming products/services, JPMorgan Chase operation locations, JPMorgan Chase production capacity, JPMorgan Chase service delivery statistics, JPMorgan Chase user/customer demographics, JPMorgan Chase active users/customers, JPMorgan Chase customer behavior, JPMorgan Chase number of employees, JPMorgan Chase employee breakdown, JPMorgan Chase diversity report, JPMorgan Chase environmental impact, JPMorgan Chase carbon footprint, JPMorgan Chase renewable energy usage, JPMorgan Chase sustainability report, JPMorgan Chase stock price, JPMorgan Chase dividend yield, JPMorgan Chase stock performance, JPMorgan Chase comparison with industry peers",30,,jpmorgan-chase-statistics
company,20,Novo Nordisk,"Novo Nordisk history, Novo Nordisk company profile, Novo Nordisk market capitalization, Novo Nordisk annual report, Novo Nordisk financial statistics, Novo Nordisk revenue breakdown, Novo Nordisk growth trends, Novo Nordisk product sales, Novo Nordisk service sales, Novo Nordisk market share, Novo Nordisk unit sales, Novo Nordisk upcoming products/services, Novo Nordisk operation locations, Novo Nordisk production capacity, Novo Nordisk service delivery statistics, Novo Nordisk user/customer demographics, Novo Nordisk active users/customers, Novo Nordisk customer behavior, Novo Nordisk number of employees, Novo Nordisk employee breakdown, Novo Nordisk diversity report, Novo Nordisk environmental impact, Novo Nordisk carbon footprint, Novo Nordisk renewable energy usage, Novo Nordisk sustainability report, Novo Nordisk stock price, Novo Nordisk dividend yield, Novo Nordisk stock performance, Novo Nordisk comparison with industry peers",30,,novo-nordisk-statistics
company,21,Procter & Gamble,"Procter & Gamble history, Procter & Gamble company profile, Procter & Gamble market capitalization, Procter & Gamble annual report, Procter & Gamble financial statistics, Procter & Gamble revenue breakdown, Procter & Gamble growth trends, Procter & Gamble product sales, Procter & Gamble service sales, Procter & Gamble market share, Procter & Gamble unit sales, Procter & Gamble upcoming products/services, Procter & Gamble operation locations, Procter & Gamble production capacity, Procter & Gamble service delivery statistics, Procter & Gamble user/customer demographics, Procter & Gamble active users/customers, Procter & Gamble customer behavior, Procter & Gamble number of employees, Procter & Gamble employee breakdown, Procter & Gamble diversity report, Procter & Gamble environmental impact, Procter & Gamble carbon footprint, Procter & Gamble renewable energy usage, Procter & Gamble sustainability report, Procter & Gamble stock price, Procter & Gamble dividend yield, Procter & Gamble stock performance, Procter & Gamble comparison with industry peers",30,,procter-and-gamble-statistics
company,22,Mastercard,"Mastercard history, Mastercard company profile, Mastercard market capitalization, Mastercard annual report, Mastercard financial statistics, Mastercard revenue breakdown, Mastercard growth trends, Mastercard product sales, Mastercard service sales, Mastercard market share, Mastercard unit sales, Mastercard upcoming products/services, Mastercard operation locations, Mastercard production capacity, Mastercard service delivery statistics, Mastercard user/customer demographics, Mastercard active users/customers, Mastercard customer behavior, Mastercard number of employees, Mastercard employee breakdown, Mastercard diversity report, Mastercard environmental impact, Mastercard carbon footprint, Mastercard renewable energy usage, Mastercard sustainability report, Mastercard stock price, Mastercard dividend yield, Mastercard stock performance, Mastercard comparison with industry peers",30,,mastercard-statistics
company,23,Nestlé,"Nestlé history, Nestlé company profile, Nestlé market capitalization, Nestlé annual report, Nestlé financial statistics, Nestlé revenue breakdown, Nestlé growth trends, Nestlé product sales, Nestlé service sales, Nestlé market share, Nestlé unit sales, Nestlé upcoming products/services, Nestlé operation locations, Nestlé production capacity, Nestlé service delivery statistics, Nestlé user/customer demographics, Nestlé active users/customers, Nestlé customer behavior, Nestlé number of employees, Nestlé employee breakdown, Nestlé diversity report, Nestlé environmental impact, Nestlé carbon footprint, Nestlé renewable energy usage, Nestlé sustainability report, Nestlé stock price, Nestlé dividend yield, Nestlé stock performance, Nestlé comparison with industry peers",30,,nestle-statistics
company,24,Samsung,"Samsung history, Samsung company profile, Samsung market capitalization, Samsung annual report, Samsung financial statistics, Samsung revenue breakdown, Samsung growth trends, Samsung product sales, Samsung service sales, Samsung market share, Samsung unit sales, Samsung upcoming products/services, Samsung operation locations, Samsung production capacity, Samsung service delivery statistics, Samsung user/customer demographics, Samsung active users/customers, Samsung customer behavior, Samsung number of employees, Samsung employee breakdown, Samsung diversity report, Samsung environmental impact, Samsung carbon footprint, Samsung renewable energy usage, Samsung sustainability report, Samsung stock price, Samsung dividend yield, Samsung stock performance, Samsung comparison with industry peers",30,,samsung-statistics
company,25,Kweichow Moutai,"Kweichow Moutai history, Kweichow Moutai company profile, Kweichow Moutai market capitalization, Kweichow Moutai annual report, Kweichow Moutai financial statistics, Kweichow Moutai revenue breakdown, Kweichow Moutai growth trends, Kweichow Moutai product sales, Kweichow Moutai service sales, Kweichow Moutai market share, Kweichow Moutai unit sales, Kweichow Moutai upcoming products/services, Kweichow Moutai operation locations, Kweichow Moutai production capacity, Kweichow Moutai service delivery statistics, Kweichow Moutai user/customer demographics, Kweichow Moutai active users/customers, Kweichow Moutai customer behavior, Kweichow Moutai number of employees, Kweichow Moutai employee breakdown, Kweichow Moutai diversity report, Kweichow Moutai environmental impact, Kweichow Moutai carbon footprint, Kweichow Moutai renewable energy usage, Kweichow Moutai sustainability report, Kweichow Moutai stock price, Kweichow Moutai dividend yield, Kweichow Moutai stock performance, Kweichow Moutai comparison with industry peers",30,,kweichow-moutai-statistics
company,26,Chevron,"Chevron history, Chevron company profile, Chevron market capitalization, Chevron annual report, Chevron financial statistics, Chevron revenue breakdown, Chevron growth trends, Chevron product sales, Chevron service sales, Chevron market share, Chevron unit sales, Chevron upcoming products/services, Chevron operation locations, Chevron production capacity, Chevron service delivery statistics, Chevron user/customer demographics, Chevron active users/customers, Chevron customer behavior, Chevron number of employees, Chevron employee breakdown, Chevron diversity report, Chevron environmental impact, Chevron carbon footprint, Chevron renewable energy usage, Chevron sustainability report, Chevron stock price, Chevron dividend yield, Chevron stock performance, Chevron comparison with industry peers",30,,chevron-statistics
company,27,Merck,"Merck history, Merck company profile, Merck market capitalization, Merck annual report, Merck financial statistics, Merck revenue breakdown, Merck growth trends, Merck product sales, Merck service sales, Merck market share, Merck unit sales, Merck upcoming products/services, Merck operation locations, Merck production capacity, Merck service delivery statistics, Merck user/customer demographics, Merck active users/customers, Merck customer behavior, Merck number of employees, Merck employee breakdown, Merck diversity report, Merck environmental impact, Merck carbon footprint, Merck renewable energy usage, Merck sustainability report, Merck stock price, Merck dividend yield, Merck stock performance, Merck comparison with industry peers",30,,merck-statistics
company,28,Home Depot,"Home Depot history, Home Depot company profile, Home Depot market capitalization, Home Depot annual report, Home Depot financial statistics, Home Depot revenue breakdown, Home Depot growth trends, Home Depot product sales, Home Depot service sales, Home Depot market share, Home Depot unit sales, Home Depot upcoming products/services, Home Depot operation locations, Home Depot production capacity, Home Depot service delivery statistics, Home Depot user/customer demographics, Home Depot active users/customers, Home Depot customer behavior, Home Depot number of employees, Home Depot employee breakdown, Home Depot diversity report, Home Depot environmental impact, Home Depot carbon footprint, Home Depot renewable energy usage, Home Depot sustainability report, Home Depot stock price, Home Depot dividend yield, Home Depot stock performance, Home Depot comparison with industry peers",30,,home-depot-statistics
company,29,Coca-Cola,"Coca-Cola history, Coca-Cola company profile, Coca-Cola market capitalization, Coca-Cola annual report, Coca-Cola financial statistics, Coca-Cola revenue breakdown, Coca-Cola growth trends, Coca-Cola product sales, Coca-Cola service sales, Coca-Cola market share, Coca-Cola unit sales, Coca-Cola upcoming products/services, Coca-Cola operation locations, Coca-Cola production capacity, Coca-Cola service delivery statistics, Coca-Cola user/customer demographics, Coca-Cola active users/customers, Coca-Cola customer behavior, Coca-Cola number of employees, Coca-Cola employee breakdown, Coca-Cola diversity report, Coca-Cola environmental impact, Coca-Cola carbon footprint, Coca-Cola renewable energy usage, Coca-Cola sustainability report, Coca-Cola stock price, Coca-Cola dividend yield, Coca-Cola stock performance, Coca-Cola comparison with industry peers",30,,coca-cola-statistics
company,30,Pepsico,"Pepsico history, Pepsico company profile, Pepsico market capitalization, Pepsico annual report, Pepsico financial statistics, Pepsico revenue breakdown, Pepsico growth trends, Pepsico product sales, Pepsico service sales, Pepsico market share, Pepsico unit sales, Pepsico upcoming products/services, Pepsico operation locations, Pepsico production capacity, Pepsico service delivery statistics, Pepsico user/customer demographics, Pepsico active users/customers, Pepsico customer behavior, Pepsico number of employees, Pepsico employee breakdown, Pepsico diversity report, Pepsico environmental impact, Pepsico carbon footprint, Pepsico renewable energy usage, Pepsico sustainability report, Pepsico stock price, Pepsico dividend yield, Pepsico stock performance, Pepsico comparison with industry peers",30,,pepsico-statistics
company,31,Oracle,"Oracle history, Oracle company profile, Oracle market capitalization, Oracle annual report, Oracle financial statistics, Oracle revenue breakdown, Oracle growth trends, Oracle product sales, Oracle service sales, Oracle market share, Oracle unit sales, Oracle upcoming products/services, Oracle operation locations, Oracle production capacity, Oracle service delivery statistics, Oracle user/customer demographics, Oracle active users/customers, Oracle customer behavior, Oracle number of employees, Oracle employee breakdown, Oracle diversity report, Oracle environmental impact, Oracle carbon footprint, Oracle renewable energy usage, Oracle sustainability report, Oracle stock price, Oracle dividend yield, Oracle stock performance, Oracle comparison with industry peers",30,,oracle-statistics
company,32,Broadcom,"Broadcom history, Broadcom company profile, Broadcom market capitalization, Broadcom annual report, Broadcom financial statistics, Broadcom revenue breakdown, Broadcom growth trends, Broadcom product sales, Broadcom service sales, Broadcom market share, Broadcom unit sales, Broadcom upcoming products/services, Broadcom operation locations, Broadcom production capacity, Broadcom service delivery statistics, Broadcom user/customer demographics, Broadcom active users/customers, Broadcom customer behavior, Broadcom number of employees, Broadcom employee breakdown, Broadcom diversity report, Broadcom environmental impact, Broadcom carbon footprint, Broadcom renewable energy usage, Broadcom sustainability report, Broadcom stock price, Broadcom dividend yield, Broadcom stock performance, Broadcom comparison with industry peers",30,,broadcom-statistics
